{
    "Opportunity Districts": {
        "Min: 1": [
            -11.678918189475212,
            83.03039933610931
        ],
        "Max: 5": [
            311.6789181894752,
            216.96960066389073
        ]
    },
    "Average Population Density": {
        "Min: 27": [
            83.03039933610934,
            -11.678918189475212
        ],
        "Max: 38": [
            216.96960066389073,
            311.6789181894752
        ]
    },
    "Democrat Districts": {
        "Min: 3": [
            216.96960066389073,
            -11.678918189475155
        ],
        "Max: 8": [
            83.0303993361093,
            311.6789181894752
        ]
    },
    "Republician Districts": {
        "Min: 6": [
            311.6789181894752,
            83.03039933610933
        ],
        "Max: 11": [
            -11.678918189475183,
            216.96960066389073
        ]
    }
}