{
    "Opportunity Districts": {
        "Min: 1": [
            -1.5544456622767484,
            62.499999999999986
        ],
        "Max: 5": [
            301.55444566227675,
            237.5
        ]
    },
    "Democrat Districts": {
        "Min: 3": [
            149.99999999999997,
            -25.0
        ],
        "Max: 8": [
            150.0,
            325.0
        ]
    },
    "Republician Districts": {
        "Min: 6": [
            301.55444566227675,
            62.49999999999993
        ],
        "Max: 11": [
            -1.5544456622767768,
            237.5
        ]
    }
}