{
    "Opportunity Districts": {
        "4": [
            39.019342105263135,
            60.96789473684211
        ],
        "2": [
            32.85281609195415,
            17.301379310344863
        ],
        "3": [
            35.034008438818645,
            40.81033755274265
        ],
        "5": [
            48.059999999999995,
            80.81166666666667
        ],
        "1": [
            52.269999999999996,
            28.49857142857143
        ]
    },
    "Democrat Districts": {
        "6": [
            13.889895287958112,
            39.265445026178064
        ],
        "5": [
            43.22327354260083,
            21.617757847533593
        ],
        "7": [
            8.292894736842104,
            53.62342105263158
        ],
        "4": [
            9.774090909090914,
            10.328181818181823
        ],
        "8": [
            8.096666666666666,
            73.98666666666666
        ],
        "3": [
            2.09,
            16.25
        ]
    },
    "Republician Districts": {
        "8": [
            43.45575916230368,
            23.719685863874293
        ],
        "9": [
            12.514394618834059,
            11.042152466367726
        ],
        "7": [
            13.557105263157894,
            44.46815789473684
        ],
        "10": [
            5.10363636363636,
            13.275000000000004
        ],
        "6": [
            13.183333333333332,
            70.50333333333333
        ],
        "11": [
            0.93,
            18.29
        ]
    }
}