{
    "Opportunity Districts": {
        "4": [
            0.5764473684210528,
            117.82868421052633
        ],
        "2": [
            0.4647701149425289,
            170.29568965517242
        ],
        "3": [
            0.5127848101265824,
            135.2202953586498
        ],
        "5": [
            0.6483333333333334,
            104.98833333333333
        ],
        "1": [
            0.42142857142857143,
            159.84285714285716
        ]
    },
    "Average Population Density": {
        "31": [
            0.4580434782608695,
            173.4110869565217
        ],
        "35": [
            0.5399999999999996,
            130.36262295081968
        ],
        "36": [
            0.5598039215686271,
            129.83313725490197
        ],
        "34": [
            0.5230172413793105,
            129.15793103448271
        ],
        "33": [
            0.4991954022988509,
            134.62448275862064
        ],
        "32": [
            0.4797402597402594,
            178.74233766233777
        ],
        "37": [
            0.5662499999999999,
            132.39187500000003
        ],
        "30": [
            0.43850000000000006,
            165.45300000000003
        ],
        "28": [
            0.39999999999999997,
            155.17111111111112
        ],
        "29": [
            0.4066666666666666,
            172.48666666666668
        ],
        "27": [
            0.44,
            99.64500000000001
        ],
        "38": [
            0.5800000000000001,
            133.1
        ]
    },
    "Democrat Districts": {
        "6": [
            0.5150261780104715,
            140.4306806282723
        ],
        "5": [
            0.4992376681614351,
            153.3303587443947
        ],
        "7": [
            0.5239473684210526,
            117.79447368421054
        ],
        "4": [
            0.48522727272727245,
            147.6665909090909
        ],
        "8": [
            0.5233333333333333,
            88.89333333333333
        ],
        "3": [
            0.52,
            127.34
        ]
    },
    "Republician Districts": {
        "8": [
            0.5150261780104715,
            140.4306806282723
        ],
        "9": [
            0.4992376681614351,
            153.3303587443947
        ],
        "7": [
            0.5239473684210526,
            117.79447368421054
        ],
        "10": [
            0.48522727272727245,
            147.6665909090909
        ],
        "6": [
            0.5233333333333333,
            88.89333333333333
        ],
        "11": [
            0.52,
            127.34
        ]
    }
}