{
    "Opportunity Districts": {
        "4": [
            227.43157894736842,
            193.3710526315789
        ],
        "2": [
            176.0044252873563,
            161.3548850574711
        ],
        "3": [
            203.90362869198302,
            175.31945147679318
        ],
        "5": [
            240.39833333333334,
            215.67
        ],
        "1": [
            147.87999999999997,
            145.21571428571428
        ]
    },
    "Democratic District Percentage": {
        "0.43": [
            183.5043979057593,
            232.71738219895278
        ],
        "0.36": [
            172.39156950672646,
            202.0093721973096
        ],
        "0.5": [
            181.18131578947364,
            272.2715789473684
        ],
        "0.29": [
            161.92931818181822,
            119.71636363636365
        ],
        "0.57": [
            204.91,
            303.3633333333334
        ],
        "0.21": [
            110.19,
            165.06
        ]
    },
    "Median Margin of Victory(%)": {
        "-0.02": [
            122.23235294117649,
            247.10941176470587
        ],
        "-0.07": [
            124.98317460317456,
            194.42523809523803
        ],
        "-0.08": [
            123.6203921568628,
            177.44392156862742
        ],
        "-0.04": [
            126.38166666666666,
            235.8903333333333
        ],
        "-0.1": [
            135.710909090909,
            172.5093181818182
        ],
        "-0.03": [
            124.70689655172414,
            251.32827586206892
        ],
        "-0.09": [
            136.71510638297872,
            181.53638297872342
        ],
        "-0.11": [
            175.25882352941176,
            127.63382352941177
        ],
        "-0.06": [
            126.96564102564102,
            205.31217948717955
        ],
        "-0.01": [
            123.69124999999998,
            272.94374999999997
        ],
        "-0.12": [
            180.98,
            127.06615384615384
        ],
        "-0.05": [
            120.78999999999999,
            213.52629032258056
        ],
        "-0.15": [
            182.63,
            196.35
        ],
        "0.0": [
            114.80999999999999,
            284.7716666666667
        ],
        "-0.13": [
            168.75750000000002,
            141.0625
        ],
        "0.02": [
            148.19,
            321.44
        ],
        "-0.14": [
            164.285,
            154.26
        ],
        "0.01": [
            141.48000000000002,
            312.315
        ]
    }
}