{
    "Opportunity Districts": {
        "4": [
            58.591842105263176,
            42.92486842105262
        ],
        "2": [
            20.986091954022992,
            6.987471264367822
        ],
        "3": [
            42.97645569620257,
            25.051729957805946
        ],
        "5": [
            75.285,
            56.754999999999995
        ],
        "1": [
            34.94,
            2.8599999999999994
        ]
    },
    "Democrat - Republican Districts": {
        "6": [
            33.119057591623026,
            45.077382198952854
        ],
        "5": [
            24.087578475336308,
            5.3394170403587475
        ],
        "7": [
            36.00657894736842,
            66.19184210526318
        ],
        "4": [
            17.55522727272727,
            5.625227272727274
        ],
        "8": [
            37.59666666666667,
            88.46
        ],
        "3": [
            41.45,
            10.15
        ]
    },
    "Median Margins (%)": {
        "-0.02": [
            12.817647058823532,
            49.24882352941178
        ],
        "-0.07": [
            34.752857142857145,
            9.345555555555551
        ],
        "-0.08": [
            28.53901960784312,
            6.601568627450981
        ],
        "-0.04": [
            12.359,
            36.45133333333333
        ],
        "-0.1": [
            20.574545454545458,
            4.891818181818182
        ],
        "-0.03": [
            14.597586206896562,
            44.65137931034483
        ],
        "-0.09": [
            26.71085106382979,
            7.548936170212768
        ],
        "-0.11": [
            18.409411764705887,
            4.044117647058823
        ],
        "-0.06": [
            10.216923076923077,
            26.843461538461554
        ],
        "-0.01": [
            17.005625,
            57.42687500000001
        ],
        "-0.12": [
            14.519999999999998,
            5.4738461538461545
        ],
        "-0.05": [
            10.623225806451616,
            30.967258064516127
        ],
        "-0.15": [
            16.25,
            2.01
        ],
        "0.0": [
            15.073333333333332,
            68.66833333333334
        ],
        "-0.13": [
            9.6775,
            2.6325
        ],
        "0.02": [
            28.13,
            82.99
        ],
        "-0.14": [
            13.855,
            1.17
        ],
        "0.01": [
            21.775,
            77.87
        ]
    }
}