{
    "Opportunity Districts": {
        "4": [
            169.2982894736842,
            113.31644736842104
        ],
        "2": [
            83.09879310344832,
            56.411379310344806
        ],
        "3": [
            126.67451476793265,
            73.40717299578048
        ],
        "5": [
            217.86000000000004,
            138.8166666666667
        ],
        "1": [
            134.96571428571426,
            75.26142857142858
        ]
    },
    "Average Population Density": {
        "31": [
            71.69043478260875,
            35.63586956521739
        ],
        "35": [
            131.77377049180336,
            139.43983606557376
        ],
        "36": [
            143.31137254901955,
            159.71745098039224
        ],
        "34": [
            117.76758620689658,
            123.94258620689635
        ],
        "33": [
            110.43172413793113,
            100.71666666666663
        ],
        "32": [
            75.51155844155852,
            33.35883116883117
        ],
        "37": [
            158.941875,
            178.01875
        ],
        "30": [
            74.06900000000003,
            32.659000000000006
        ],
        "28": [
            87.32,
            52.190000000000005
        ],
        "29": [
            87.12666666666667,
            22.86333333333333
        ],
        "27": [
            160.47,
            161.385
        ],
        "38": [
            164.69666666666666,
            202.48
        ]
    },
    "Democrat Districts": {
        "6": [
            75.17356020942418,
            123.96104712041875
        ],
        "5": [
            103.7703139013454,
            40.81677130044846
        ],
        "7": [
            75.9213157894737,
            166.928947368421
        ],
        "4": [
            28.459772727272732,
            90.64613636363639
        ],
        "8": [
            107.17999999999999,
            251.8766666666667
        ],
        "3": [
            64.23,
            208.3
        ]
    },
    "Republician Districts": {
        "8": [
            109.19554973821987,
            45.599842931937154
        ],
        "9": [
            35.50040358744395,
            87.56654708520183
        ],
        "7": [
            77.46473684210525,
            124.40342105263156
        ],
        "10": [
            16.5440909090909,
            122.07977272727275
        ],
        "6": [
            118.17999999999999,
            222.27333333333334
        ],
        "11": [
            39.49,
            211.13
        ]
    }
}