{
    "Opportunity Districts": {
        "4": [
            227.36657894736842,
            193.3055263157896
        ],
        "2": [
            176.06724137931053,
            161.8383333333334
        ],
        "3": [
            203.91569620253165,
            175.57177215189859
        ],
        "5": [
            240.2033333333333,
            215.09833333333336
        ],
        "1": [
            147.97142857142856,
            145.72142857142856
        ]
    },
    "Democrat - Republican Districts": {
        "6": [
            182.70869109947648,
            231.61382198952876
        ],
        "5": [
            171.57286995515682,
            200.19717488789257
        ],
        "7": [
            180.66894736842104,
            271.79157894736835
        ],
        "4": [
            162.5004545454546,
            122.26022727272729
        ],
        "8": [
            204.91,
            303.3633333333334
        ],
        "3": [
            110.19,
            165.06
        ]
    },
    "Median Margins (%)": {
        "-0.02": [
            122.1964705882353,
            247.15352941176468
        ],
        "-0.07": [
            125.01619047619042,
            194.7673015873016
        ],
        "-0.08": [
            123.72039215686273,
            178.08784313725482
        ],
        "-0.04": [
            126.29766666666667,
            235.73133333333337
        ],
        "-0.1": [
            135.7763636363637,
            173.0168181818182
        ],
        "-0.03": [
            124.5796551724138,
            251.0241379310345
        ],
        "-0.09": [
            136.76851063829784,
            181.95000000000007
        ],
        "-0.11": [
            175.34676470588238,
            128.22823529411767
        ],
        "-0.06": [
            126.98217948717947,
            205.564487179487
        ],
        "-0.01": [
            123.553125,
            272.601875
        ],
        "-0.12": [
            181.14153846153843,
            127.97692307692309
        ],
        "-0.05": [
            120.78161290322579,
            213.67193548387093
        ],
        "-0.15": [
            182.42,
            195.73
        ],
        "0.0": [
            114.675,
            284.47166666666664
        ],
        "-0.13": [
            168.8275,
            141.79000000000002
        ],
        "0.02": [
            148.19,
            321.44
        ],
        "-0.14": [
            164.285,
            154.425
        ],
        "0.01": [
            141.48000000000002,
            312.315
        ]
    }
}