{
    "Opportunity Districts": {
        "4": [
            209.55223684210532,
            168.39236842105265
        ],
        "2": [
            144.80574712643687,
            133.56488505747134
        ],
        "3": [
            180.0001265822783,
            140.58295358649784
        ],
        "5": [
            242.0733333333333,
            203.64499999999998
        ],
        "1": [
            156.43571428571428,
            128.94285714285712
        ]
    },
    "Democrat - Republican Districts": {
        "6": [
            164.35554973821982,
            182.75335078534047
        ],
        "5": [
            145.1976233183857,
            123.9471748878924
        ],
        "7": [
            151.84000000000006,
            233.51973684210526
        ],
        "4": [
            147.06454545454542,
            138.32295454545448
        ],
        "8": [
            122.08,
            307.4433333333333
        ],
        "3": [
            162.85,
            138.07
        ]
    },
    "Median Margins (%)": {
        "-0.02": [
            94.67705882352942,
            192.64470588235295
        ],
        "-0.07": [
            160.66603174603182,
            120.4073015873016
        ],
        "-0.08": [
            152.95725490196068,
            124.85941176470591
        ],
        "-0.04": [
            107.22200000000001,
            172.5343333333334
        ],
        "-0.1": [
            143.96749999999994,
            129.7506818181818
        ],
        "-0.03": [
            105.86241379310346,
            185.98103448275864
        ],
        "-0.09": [
            150.4095744680852,
            126.77255319148935
        ],
        "-0.11": [
            145.16970588235287,
            133.80970588235294
        ],
        "-0.06": [
            118.04230769230766,
            160.195
        ],
        "-0.01": [
            96.465625,
            206.66625
        ],
        "-0.12": [
            141.39692307692306,
            137.85
        ],
        "-0.05": [
            113.51290322580643,
            164.76548387096784
        ],
        "-0.15": [
            132.05,
            125.9
        ],
        "0.0": [
            84.22,
            231.83333333333337
        ],
        "-0.13": [
            139.28500000000003,
            138.6
        ],
        "0.02": [
            93.51,
            266.51
        ],
        "-0.14": [
            138.29,
            132.89499999999998
        ],
        "0.01": [
            82.12,
            260.07
        ]
    }
}