{
    "Opportunity Districts": {
        "4": [
            173.73171052631574,
            180.17763157894734
        ],
        "2": [
            140.107183908046,
            163.92660919540228
        ],
        "3": [
            163.37497890295353,
            172.14978902953578
        ],
        "5": [
            189.67833333333337,
            194.6766666666667
        ],
        "1": [
            151.0514285714286,
            171.6057142857143
        ]
    },
    "Average Population Density": {
        "31": [
            147.3691304347826,
            146.69543478260871
        ],
        "35": [
            161.24147540983606,
            180.87999999999997
        ],
        "36": [
            159.01666666666668,
            181.23215686274511
        ],
        "34": [
            160.24534482758625,
            178.41681034482764
        ],
        "33": [
            159.20425287356326,
            174.66275862068963
        ],
        "32": [
            151.95948051948045,
            159.4762337662338
        ],
        "37": [
            157.851875,
            181.31125000000003
        ],
        "30": [
            154.496,
            153.012
        ],
        "28": [
            154.36222222222221,
            156.8822222222222
        ],
        "29": [
            152.12,
            151.69333333333333
        ],
        "27": [
            167.315,
            178.35
        ],
        "38": [
            154.06166666666664,
            182.37333333333333
        ]
    },
    "Democrat Districts": {
        "6": [
            170.07219895287963,
            179.58094240837687
        ],
        "5": [
            148.7309417040358,
            160.924529147982
        ],
        "7": [
            163.3652631578947,
            186.67684210526315
        ],
        "4": [
            137.26840909090907,
            167.13704545454544
        ],
        "8": [
            158.4,
            189.5333333333333
        ],
        "3": [
            123.88,
            183.05
        ]
    },
    "Republician Districts": {
        "8": [
            170.07219895287963,
            179.58094240837687
        ],
        "9": [
            148.7309417040358,
            160.924529147982
        ],
        "7": [
            163.3652631578947,
            186.67684210526315
        ],
        "10": [
            137.26840909090907,
            167.13704545454544
        ],
        "6": [
            158.4,
            189.5333333333333
        ],
        "11": [
            123.88,
            183.05
        ]
    }
}